SKU,Photo,Filename,Type,Description,Palette,Tagged Price,Tier,Featured,Notes
BP-N-001,1,PXL_20260704_170050757.jpg,Necklace,Blue ombré-to-white beaded gemstone necklace,blue/white,,Signature,,Aqua-to-blue graduated beads
BP-N-002,2,PXL_20260704_172023926.jpg,Necklace,Round peridot-green beaded necklace,green,,Everyday,,Green outside core palette
BP-N-003,3,PXL_20260704_172137444.jpg,Necklace,Navy and cream beaded necklace,blue/cream,,Signature,,
BP-N-004,4,PXL_20260704_172142709.jpg,Necklace,"Blue Lapis, Sodalite & Quartz necklace w/ rhinestone spacers",blue/cream,$150 ,Signature,Y,FLAGSHIP — highest tagged price
BP-N-005,5,PXL_20260704_172310778.jpg,Necklace,Long dark onyx/slate beaded necklace w/ Y-drop,black/slate,,Signature,,
BP-B-001,6,PXL_20260704_172404053.jpg,Bracelet,Cream & black beaded stretch bracelet w/ starfish,cream/black,,Signature,,Small starfish charm
BP-E-001,7,PXL_20260704_172508465.jpg,Earrings,Gold filigree tassel earrings w/ black beads,gold/black,,Everyday,,
BP-E-002,8,PXL_20260704_172608085.jpg,Earrings,Small blue gemstone gold drop earrings,blue/gold,,Signature,,
BP-N-006,9,PXL_20260704_172758354.jpg,Necklace,White opal & crystal chip double strand,white/clear,,Signature,,Variation of BP-N-007
BP-N-007,10,PXL_20260704_172828217.jpg,Necklace,White Opal & Crystal beaded necklace,white/clear,$85 ,Signature,,
BP-N-008,11,PXL_20260704_172910532.jpg,Necklace,Black bib necklace w/ rectangular tab drops,black/slate,,Signature,,Statement bib
BP-N-009,12,PXL_20260704_173114623.jpg,Necklace,White shell heishi disc necklace,white/cream,,Signature,,
BP-N-010,13,PXL_20260704_173124369.jpg,Necklace,"Shells, Howlite & Tiger's Eye necklace",cream/brown,$65 ,Signature,Y,Neutral gemstone
BP-N-011,14,PXL_20260704_173250479.jpg,Necklace,Blue & white beaded necklace,blue/white,,Signature,,
BP-N-012,15,PXL_20260704_173256479.jpg,Necklace,Pale blue crystal cube beaded necklace,blue/clear,$55 ,Signature,Y,
BP-N-013,16,PXL_20260704_173335302.jpg,Necklace,Blue & white beads w/ cowrie shells,blue/white,,Signature,,Coastal
BP-N-014,17,PXL_20260704_173432476.jpg,Necklace,Teal aurora beads w/ silver sea charms,teal/green,,Everyday,,Mermaid/shell/starfish charms
BP-N-015,18,PXL_20260704_173437199.jpg,Necklace,Teal aurora beads w/ sea charms & moonstone,teal/green,$55 ,Everyday,,Novelty sea charms
BP-N-016,19,PXL_20260704_173458486.jpg,Necklace,Delicate multicolor & gold seed-bead necklace,multicolor/gold,,Everyday,,
BP-E-003,20,PXL_20260704_173517392.jpg,Earrings,Gold wire flower earrings w/ teal stones,gold/teal,,Everyday,,
BP-B-002,21,PXL_20260704_173642163.jpg,Bracelet,White disc & gold beaded bracelet w/ charms,white/gold,,Signature,,
BP-N-017,22,PXL_20260704_173750957.jpg,Necklace,Gold chain w/ heart gemstone charms,gold/pink,,Everyday,,Assembled chain
BP-E-004,23,PXL_20260704_173831291.jpg,Earrings,Gold hoop earrings w/ black lava beads,gold/black,,Everyday,,
BP-N-018,24,PXL_20260704_174021594.jpg,Necklace,Gold chain w/ red & white disc beads,red/white/gold,,Everyday,,Assembled chain
BP-E-005,25,PXL_20260704_174101338.jpg,Earrings,Ceramic heart bead earrings (coral & gray),pink/gray,,Everyday,,
BP-E-006,26,PXL_20260704_174144008.jpg,Earrings,Red glass heart dangle earrings w/ pearl,red/pearl,,Everyday,,Heart series
BP-E-007,27,PXL_20260704_174346798.jpg,Earrings,Gold chain hoops w/ red & blue beads,red/blue/gold,,Everyday,,
BP-E-008,28,PXL_20260704_174417865.jpg,Earrings,Multicolor glass heart dangle earrings,multicolor,,Everyday,,Heart series variation
BP-E-009,29,PXL_20260704_174453599.jpg,Earrings,Green/blue/tan glass heart dangle earrings,green/blue/tan,,Everyday,,Heart series variation
BP-E-010,30,PXL_20260704_174523891.jpg,Earrings,Cream glass heart drop earrings,cream/pearl,,Everyday,,Heart series variation
BP-N-019,31,PXL_20260704_174622090.jpg,Necklace,Aqua-pearl beaded necklace w/ drop pendant,aqua/pearl,,Signature,,Elegant pendant
BP-E-011,32,PXL_20260704_174709623.jpg,Earrings,Emerald Crystal & Glass Pearl drop earrings,emerald/pearl/silver,tag: .925 posts,Signature,Y,Tagged; sterling posts
BP-N-020,33,PXL_20260704_174758612.jpg,Necklace,Aqua-white beaded strand necklace,aqua/white,,Signature,,
BP-N-021,34,PXL_20260704_175020725.jpg,Necklace,Gold crystal leaf-motif collar necklace,gold/clear,,Everyday,,Filigree costume style
BP-B-003,35,PXL_20260704_175050940.jpg,Bracelet,Cream pearl & shell coil-wrap bracelet,cream/pearl,,Signature,Y,Neutral pearl
BP-R-001,36,PXL_20260704_175123754.jpg,Ring,Bead-woven band ring (white/beige),white/beige,,Signature,,WOVEN — high labor
BP-R-002,37,PXL_20260704_175147660.jpg,Ring,Bead-woven band ring (navy/blue),navy/blue,,Signature,,WOVEN — high labor
BP-R-003,38,PXL_20260704_175229149.jpg,Ring,Bead-woven band ring (black),black,,Signature,,WOVEN — high labor
BP-N-022,39,PXL_20260704_175336083.jpg,Necklace,Gray crystal & quartz beaded necklace,gray/slate,,Signature,,Slate gemstone
BP-E-012,40,PXL_20260704_175404142.jpg,Earrings,Red & white striped bead drop earrings,red/white,,Everyday,,
BP-N-023,41,PXL_20260704_175433013.jpg,Necklace,Pearl & crystal beads w/ gold chain,cream/gold,,Signature,,
BP-N-024,42,PXL_20260704_175513775.jpg,Necklace,Blue crystal & porcelain bead statement necklace,blue/white,,Signature,Y,Blue statement
BP-E-013,43,PXL_20260704_175605780.jpg,Earrings,Teal & yellow bead-woven hoop earrings,teal/yellow,,Signature,,WOVEN — high labor
BP-N-025,44,PXL_20260704_175651443.jpg,Necklace,Aqua-pearl delicate beaded strand,aqua/pearl,,Signature,,
BP-N-026,45,PXL_20260704_175750289.jpg,Necklace,Pearl & silver beaded necklace w/ gold chain,pearl/silver,,Signature,,
BP-N-027,46,PXL_20260704_175833449.jpg,Necklace,Slate-gray & cream beaded necklace,slate/cream,,Signature,,
BP-N-028,47,PXL_20260704_175921429.jpg,Necklace,Black-pearl & cream beaded necklace,black/pearl,,Signature,,
BP-E-014,48,PXL_20260704_180009394.jpg,Earrings,Blue floral cluster & aqua heart earrings,blue/white,,Everyday,,
BP-E-015,49,PXL_20260704_180040041.jpg,Earrings,Peach/pink glass heart drop earrings,peach/pink,,Everyday,,Heart series variation
BP-E-016,50,PXL_20260704_180119733.jpg,Earrings,Blue glass heart drop earrings,blue/teal,,Everyday,,Heart series variation
BP-N-029,51,PXL_20260704_180158928.jpg,Necklace,Delicate silver chain w/ small clear beads,silver/clear,,Everyday,,Fine plain chain
BP-E-017,52,PXL_20260704_180300458.jpg,Earrings,Glass flower-cluster dangle earrings,pink/blue/white,$13 ,Everyday,,Multiple color variants
BP-E-018,53,PXL_20260704_180409943.jpg,Earrings,Wire-formed flower earrings w/ red glass,red/gold,,Everyday,,
BP-E-019,54,PXL_20260704_180444143.jpg,Earrings,Red flower-cluster earrings w/ pearl,red/pearl,,Everyday,,
BP-E-020,55,PXL_20260704_180511935.jpg,Earrings,Clear faceted crystal drop earrings w/ pearl,clear/crystal,,Signature,,Elegant crystal drops
BP-E-021,56,PXL_20260704_180621845.jpg,Earrings,Emerald-green rectangle stone earrings w/ pearl,green/pearl,,Signature,,Statement gemstone
BP-N-030,57,PXL_20260704_180742024.jpg,Necklace,Blue glass bead necklace w/ starfish charms,blue/gold,,Signature,Y,Coastal set w/ BP-B-004
BP-B-004,58,PXL_20260704_180812622.jpg,Bracelet,Blue glass bead bracelet w/ gold starfish,blue/gold,,Signature,,Coastal set w/ BP-N-030
BP-N-031,59,PXL_20260704_180916640.jpg,Necklace,Neutral white beaded necklace on chain,white/neutral,,Signature,,
BP-N-032,60,PXL_20260704_180931790.jpg,Necklace,Opal-white beaded necklace,white/opal,,Signature,,
BP-N-033,61,PXL_20260704_181031808.jpg,Necklace,Neutral beaded necklace w/ gold & pink accents,neutral/white,,Signature,,
BP-N-034,62,PXL_20260704_181122338.jpg,Necklace,White pearl & neutral beaded necklace,white/pearl,,Signature,,
BP-N-035,63,PXL_20260704_181155127.jpg,Necklace,Long gray-blue beaded necklace,gray/blue,,Signature,,
BP-N-036,64,PXL_20260704_181243637.jpg,Necklace,Blue & white beaded necklace w/ silver accents,blue/white/silver,,Signature,,
BP-N-037,65,PXL_20260704_181258973.jpg,Necklace,Blue & white beaded necklace,blue/white,,Signature,,
BP-N-038,66,PXL_20260704_181433555.jpg,Necklace,Turquoise-blue & white beaded necklace,turquoise/white,,Signature,,
BP-N-039,67,PXL_20260704_181549665.jpg,Necklace,Turquoise beaded necklace w/ starfish charms,turquoise/gold,,Signature,,Coastal
BP-S-001,68,PXL_20260704_183420317.jpg,Set,Neutral beaded bracelet w/ matching earrings,neutral/brown,,Signature,,Bracelet + earrings set
BP-E-022,69,PXL_20260704_183502359.jpg,Earrings,Navy pavé beaded ball drop earrings w/ pearls,navy/dark,,Signature,,
BP-E-023,70,PXL_20260704_183518437.jpg,Earrings,Bead-woven amethyst ball stud earrings,purple/navy,$35 ,Signature,Y,WOVEN — tagged $35
BP-N-040,71,PXL_20260704_183558846.jpg,Necklace,Gold chain w/ green tassel pendant,green/gold,,Everyday,,Tassel novelty
BP-E-024,72,PXL_20260704_183632555.jpg,Earrings,Navy beaded cluster earrings w/ gold caps,navy/gold,,Signature,,
BP-B-005,73,PXL_20260704_183658805.jpg,Bracelet,Bead-woven green & white bracelet,green/white,,Signature,,WOVEN — high labor
BP-E-025,74,PXL_20260704_183739152.jpg,Earrings,Teal flower-cluster earrings w/ gold,teal/gold,,Everyday,,
BP-E-026,75,PXL_20260704_183815685.jpg,Earrings,Green & pearl cross-shaped woven drop earrings,green/pearl/white,,Signature,,WOVEN — statement
BP-E-027,76,PXL_20260704_183930532.jpg,Earrings,Turquoise oval & coral flower Western earrings,turquoise/coral,$10 ,Everyday,,Southwestern
BP-E-028,77,PXL_20260704_183945802.jpg,Earrings,Turquoise oval & flower Western earrings,turquoise/silver,$10 ,Everyday,,Southwestern
BP-E-029,78,PXL_20260704_184014912.jpg,Earrings,Porcelain floral & red crystal drop earrings,blue/white/red,,Everyday,,
BP-E-030,79,PXL_20260704_184041741.jpg,Earrings,Blue-striped bead & red crystal drop earrings,red/white/blue,$12 ,Everyday,,Patriotic
BP-E-031,80,PXL_20260704_184104268.jpg,Earrings,Red/white/blue bead chain earrings w/ gold stars,red/white/blue,$14 ,Everyday,,Patriotic
BP-E-032,81,PXL_20260704_184127361.jpg,Earrings,Tiger's-eye brown bead cluster earrings,brown/amber,,Everyday,,Earthy
BP-B-006,82,PXL_20260704_184203166.jpg,Bracelet,"Shell, howlite & pearl neutral stretch bracelet",white/neutral,,Signature,Y,Neutral pearl
BP-E-033,83,PXL_20260704_184233043.jpg,Earrings,White flower & turquoise heart Western earrings,white/turquoise,$27 ,Everyday,,Enamel flower/heart
BP-S-002,84,PXL_20260704_184311501.jpg,Set,Carnelian & seed-bead bracelet w/ studs & ring,amber/white,,Everyday,,3-piece set
BP-E-034,85,PXL_20260704_184344369.jpg,Earrings,Turquoise flower & cream heart Western earrings,turquoise/cream,$27 ,Everyday,,Enamel flower/heart
BP-E-035,86,PXL_20260704_184401637.jpg,Earrings,White flower & coral heart Western earrings,white/coral,$27 ,Everyday,,Enamel flower/heart
BP-E-036,87,PXL_20260704_184426973.jpg,Earrings,Pink flower & turquoise heart Western earrings,pink/turquoise,$27 ,Everyday,,Enamel flower/heart
BP-E-037,88,PXL_20260704_184452809.jpg,Earrings,Red & blue bead & pearl gold drop earrings,red/blue/pearl,$15 ,Everyday,,Patriotic
BP-E-038,89,PXL_20260704_184513535.jpg,Earrings,Turquoise oval & flower Western earrings,turquoise/silver,$10 ,Everyday,,Southwestern
BP-E-039,90,PXL_20260704_184531708.jpg,Earrings,Pink flower & blue heart Western earrings,pink/blue,$27 ,Everyday,,Enamel flower/heart
BP-E-040,91,PXL_20260704_184836878.jpg,Earrings,Pearl & rhinestone flower rosette drop earrings,pearl/white,,Signature,,Elegant occasion
BP-N-041,92,PXL_20260704_184922391.jpg,Necklace,Green rhinestone floral station statement necklace,green/emerald,,Everyday,,Costume
BP-B-007,93,PXL_20260704_184933642.jpg,Bracelet,Thin silver chain bracelet w/ bar station,silver,,Everyday,,Plain chain
BP-E-041,94,PXL_20260704_184951732.jpg,Earrings,Coral & turquoise fringe chandelier earrings,coral/turquoise,,Everyday,,Southwestern
BP-B-008,95,PXL_20260704_185002945.jpg,Bracelet,Plain gold rope chain bracelet,gold,,Everyday,,Plain chain
BP-E-042,96,PXL_20260704_185019866.jpg,Earrings,Bead-woven pearl & navy crystal cluster earrings,pearl/navy,,Signature,Y,WOVEN — high labor
BP-E-043,97,PXL_20260704_185049152.jpg,Earrings,Blue enamel geometric hexagon dangle earrings,blue/silver,,Everyday,,Geometric novelty
BP-E-044,98,PXL_20260704_185127949.jpg,Earrings,Green tassel earrings w/ charm,green,,Everyday,,Tassel novelty
BP-E-045,99,PXL_20260704_185228525.jpg,Earrings,Gold & blue enamel sea turtle starfish earrings,gold/blue,$12 ,Everyday,,Ocean novelty
BP-N-042,100,PXL_20260704_185317085.jpg,Necklace,"Onyx, druzy, gold & pearl beaded necklace",black/white/gold,,Signature,Y,Elegant neutral
BP-N-043,101,PXL_20260704_185451882.jpg,Necklace,Bead-woven aqua rope necklace w/ crystal pendant,aqua/white,,Signature,Y,WOVEN — statement
BP-N-044,102,PXL_20260704_185507923.jpg,Necklace,"Rose quartz, grey agate & moonstone necklace",rose/grey/pearl,,Signature,Y,Artisan gemstone
